ProductIndex,StyleName,Code,ColorName,Opacity,PriceGroup,SwatchFile
1,"3/8"" (25mm) Single Cell",H25000,Lumina Pure White,Light Filtering,1,25mm/H25000.JPG
1,"3/8"" (25mm) Single Cell",H25016,Lumina Steel Gray,Light Filtering,1,25mm/H25016.JPG
1,"3/8"" (25mm) Single Cell",H25047,Lumina Midnight Navy,Light Filtering,1,25mm/H25047.JPG
1,"3/8"" (25mm) Single Cell",H25100,Lumina Snow White,Light Filtering,1,25mm/H25100.JPG
1,"3/8"" (25mm) Single Cell",H25125,Lumina Ivory Mist,Light Filtering,1,25mm/H25125.jpg
1,"3/8"" (25mm) Single Cell",H25145,Lumina Sandstone Beige,Light Filtering,1,25mm/H25145.JPG
1,"3/8"" (25mm) Single Cell",H25206,Lumina Soft Cream,Light Filtering,1,25mm/H25206.JPG
1,"3/8"" (25mm) Single Cell",H25295,Lumina Chestnut Brown,Light Filtering,1,25mm/H25295.jpg
1,"3/8"" (25mm) Single Cell",H25302,Lumina Warm Taupe,Light Filtering,1,25mm/H25302.JPG
1,"3/8"" (25mm) Single Cell",H25307,Lumina Light Greige,Light Filtering,1,25mm/H25307.JPG
1,"3/8"" (25mm) Single Cell",H25357,Lumina Golden Oak,Light Filtering,1,25mm/H25357.jpg
1,"3/8"" (25mm) Single Cell",H25378,Lumina Espresso Brown,Light Filtering,1,25mm/H25378.JPG
1,"3/8"" (25mm) Single Cell",H25414,Lumina Cream Linen,Light Filtering,1,25mm/H25414.JPG
1,"3/8"" (25mm) Single Cell",H25504,Lumina Olive Sage,Light Filtering,1,25mm/H25504.JPG
1,"3/8"" (25mm) Single Cell",H25820,Lumina Silver Taupe,Light Filtering,1,25mm/H25820.JPG
1,"3/8"" (25mm) Single Cell",H25822,Lumina Dark Pewter,Light Filtering,1,25mm/H25822.JPG
1,"3/8"" (25mm) Single Cell",H25823,Lumina Medium Gray,Light Filtering,1,25mm/H25823.JPG
1,"3/8"" (25mm) Single Cell",H25895,Lumina Dark Walnut,Light Filtering,1,25mm/H25895.JPG
1,"3/8"" (25mm) Single Cell",H25897,Lumina Black Charcoal,Light Filtering,1,25mm/H25897.JPG
2,"3/8"" (25mm) Single Cell RD",H25016D,Lumina Slate Blue Blackout,Room Darkening,2,25mm/H25016D.JPG
2,"3/8"" (25mm) Single Cell RD",H25047D,Lumina Navy Charcoal Blackout,Room Darkening,2,25mm/H25047D.JPG
2,"3/8"" (25mm) Single Cell RD",H25100D,Lumina Bright White Blackout,Room Darkening,2,25mm/H25100D.JPG
2,"3/8"" (25mm) Single Cell RD",H25125D,Lumina Pale Sage Blackout,Room Darkening,2,25mm/H25125D.JPG
2,"3/8"" (25mm) Single Cell RD",H25145D,Lumina Honey Beige Blackout,Room Darkening,2,25mm/H25145D.JPG
2,"3/8"" (25mm) Single Cell RD",H25206D,Lumina Vanilla Cream Blackout,Room Darkening,2,25mm/H25206D.JPG
2,"3/8"" (25mm) Single Cell RD",H25295D,Lumina Mahogany Blackout,Room Darkening,2,25mm/H25295D.jpg
2,"3/8"" (25mm) Single Cell RD",H25302D,Lumina Taupe Brown Blackout,Room Darkening,2,25mm/H25302D.JPG
2,"3/8"" (25mm) Single Cell RD",H25306D,Lumina Driftwood Beige Blackout,Room Darkening,2,25mm/H25306D.JPG
2,"3/8"" (25mm) Single Cell RD",H25307D,Lumina Warm Greige Blackout,Room Darkening,2,25mm/H25307D.JPG
2,"3/8"" (25mm) Single Cell RD",H25357D,Lumina Cinnamon Brown Blackout,Room Darkening,2,25mm/H25357D.jpg
2,"3/8"" (25mm) Single Cell RD",H25378D,Lumina Walnut Brown Blackout,Room Darkening,2,25mm/H25378D.JPG
2,"3/8"" (25mm) Single Cell RD",H25414D,Lumina Golden Wheat Blackout,Room Darkening,2,25mm/H25414D.JPG
2,"3/8"" (25mm) Single Cell RD",H25504D,Lumina Sage Green Blackout,Room Darkening,2,25mm/H25504D.JPG
2,"3/8"" (25mm) Single Cell RD",H25820D,Lumina Pebble Gray Blackout,Room Darkening,2,25mm/H25820D.JPG
2,"3/8"" (25mm) Single Cell RD",H25821D,Lumina Warm Gray Blackout,Room Darkening,2,25mm/H25821D.JPG
2,"3/8"" (25mm) Single Cell RD",H25822D,Lumina Dark Gray Blackout,Room Darkening,2,25mm/H25822D.JPG
2,"3/8"" (25mm) Single Cell RD",H25823D,Lumina Pewter Gray Blackout,Room Darkening,2,25mm/H25823D.JPG
2,"3/8"" (25mm) Single Cell RD",H25895D,Lumina Espresso Gray Blackout,Room Darkening,2,25mm/H25895D.JPG
2,"3/8"" (25mm) Single Cell RD",H25897D,Lumina Deep Charcoal Blackout,Room Darkening,2,25mm/H25897D.JPG
2,"3/8"" (25mm) Single Cell RD",H25898D,Lumina Black Coffee Blackout,Room Darkening,2,25mm/H25898D.JPG
2,"3/8"" (25mm) Single Cell RD",H25904D,Lumina Light Greige Blackout,Room Darkening,2,25mm/H25904D.JPG
2,"3/8"" (25mm) Single Cell RD",H25905D,Lumina Charcoal Taupe Blackout,Room Darkening,2,25mm/H25905D.JPG
3,"3/8"" (25mm) Gray Back LF",H25034S,Lumina Silver Mist,Light Filtering,3,25mm/H25034S.JPG
3,"3/8"" (25mm) Gray Back LF",H25100S,Lumina Light Silver,Light Filtering,3,25mm/H25100S.JPG
4,"3/8"" (25mm) Printed LF",H25145P,Lumina Soft Taupe,Light Filtering,3,25mm/H25145P.JPG
4,"3/8"" (25mm) Printed LF",H25206P,Lumina Off White,Light Filtering,3,25mm/H25206P.JPG
4,"3/8"" (25mm) Printed LF",H25302P,Lumina Stone Gray,Light Filtering,3,25mm/H25302P.JPG
4,"3/8"" (25mm) Printed LF",H25323P,Lumina Mushroom Taupe,Light Filtering,3,25mm/H25323P.JPG
4,"3/8"" (25mm) Printed LF",H25414P,Lumina Stone Beige,Light Filtering,3,25mm/H25414P.JPG
4,"3/8"" (25mm) Printed LF",H25430P,Lumina Camel Tan,Light Filtering,3,25mm/H25430P.JPG
5,"3/8"" (25mm) Water Resist RD",H25047WD,Lumina Nebula Waterproof Black Out,Room Darkening,4,25mm/H25047WD.JPG
5,"3/8"" (25mm) Water Resist RD",H25100WD,Lumina Cloud Waterproof Black Out,Room Darkening,4,25mm/H25100WD.JPG
5,"3/8"" (25mm) Water Resist RD",H25101WD,Lumina Paper Waterproof Black Out,Room Darkening,4,25mm/H25101WD.JPG
5,"3/8"" (25mm) Water Resist RD",H25206WD,Lumina Powder Pink Waterproof Black Out,Room Darkening,4,25mm/H25206WD.JPG
5,"3/8"" (25mm) Water Resist RD",H25504WD,Lumina Meadow Waterproof Black Out,Room Darkening,4,25mm/H25504WD.JPG
5,"3/8"" (25mm) Water Resist RD",H25823WD,Lumina Pewter Waterproof Black Out,Room Darkening,4,25mm/H25823WD.JPG
6,"3/8"" (25mm) Silver Back RD",H25034SD,Lumina Cool Gray Blackout,Room Darkening,4,25mm/H25034SD.JPG
6,"3/8"" (25mm) Silver Back RD",H25100SD,Lumina Graphite Gray Blackout,Room Darkening,4,25mm/H25100SD.JPG
7,"3/8"" (25mm) Printed RD",H25145PD,Lumina Warm Taupe Blackout,Room Darkening,4,25mm/H25145PD.JPG
7,"3/8"" (25mm) Printed RD",H25206PD,Lumina Linen Beige Blackout,Room Darkening,4,25mm/H25206PD.JPG
7,"3/8"" (25mm) Printed RD",H25302PD,Lumina Olive Taupe Blackout,Room Darkening,4,25mm/H25302PD.JPG
7,"3/8"" (25mm) Printed RD",H25323PD,Lumina Smoky Taupe Blackout,Room Darkening,4,25mm/H25323PD.JPG
7,"3/8"" (25mm) Printed RD",H25414PD,Lumina Natural Beige Blackout,Room Darkening,4,25mm/H25414PD.JPG
7,"3/8"" (25mm) Printed RD",H25430PD,Lumina Golden Sand Blackout,Room Darkening,4,25mm/H25430PD.jpg
8,"3/8"" (25mm) Metallic Sheer LF",H25034M,Lumina Ash Gray,Light Filtering,5,25mm/H25034M.JPG
8,"3/8"" (25mm) Metallic Sheer LF",H25430M,Lumina Rustic Brown,Light Filtering,5,25mm/H25430M.JPG
8,"3/8"" (25mm) Metallic Sheer LF",H25895M,Lumina Dark Granite,Light Filtering,5,25mm/H25895M.JPG
13,"3/8"" (38 mm) Double Cell LF",H38000,Element Frost White,Light Filtering,6,38mm/H38000.JPG
13,"3/8"" (38 mm) Double Cell LF",H38047T,Element Deep Indigo,Light Filtering,6,38mm/H38047T.JPG
13,"3/8"" (38 mm) Double Cell LF",H38100T,Element Snow White,Light Filtering,6,38mm/H38100T.JPG
13,"3/8"" (38 mm) Double Cell LF",H38125T,Element Soft Almond,Light Filtering,6,38mm/H38125T.JPG
13,"3/8"" (38 mm) Double Cell LF",H38145T,Element Desert Sand,Light Filtering,6,38mm/H38145T.JPG
13,"3/8"" (38 mm) Double Cell LF",H38206T,Element Honey Tan,Light Filtering,6,38mm/H38206T.JPG
13,"3/8"" (38 mm) Double Cell LF",H38295T,Element Cocoa Dust,Light Filtering,6,38mm/H38295T.jpg
13,"3/8"" (38 mm) Double Cell LF",H38302T,Element Pebble Gray,Light Filtering,6,38mm/H38302T.JPG
13,"3/8"" (38 mm) Double Cell LF",H38357T,Element Cinnamon Brown,Light Filtering,6,38mm/H38357T.jpg
13,"3/8"" (38 mm) Double Cell LF",H38378T,Element Espresso Roast,Light Filtering,6,38mm/H38378T.JPG
13,"3/8"" (38 mm) Double Cell LF",H38414T,Element Buttercream,Light Filtering,6,38mm/H38414T.JPG
13,"3/8"" (38 mm) Double Cell LF",H38822T,Element Slate Shadow,Light Filtering,6,38mm/H38822T.JPG
13,"3/8"" (38 mm) Double Cell LF",H38823T,Element Ash Gray,Light Filtering,6,38mm/H38823T.JPG
9,"3/8"" (38 mm) Double Cell RD",H38100TD,Element Pearl White Blackout,Room Darkening,7,38mm/H38100TD.JPG
9,"3/8"" (38 mm) Double Cell RD",H38125TD,Element Ivory Lace Blackout,Room Darkening,7,38mm/H38125TD.JPG
9,"3/8"" (38 mm) Double Cell RD",H38206TD,Element Camel Tan Blackout,Room Darkening,7,38mm/H38206TD.JPG
9,"3/8"" (38 mm) Double Cell RD",H38414TD,Element Vanilla Cream Blackout,Room Darkening,7,38mm/H38414TD.JPG
9,"3/8"" (38 mm) Double Cell RD",H38145TD,Element Sandy Beige Blackout,Room Darkening,7,38mm/H38145TD.JPG
9,"3/8"" (38 mm) Double Cell RD",H38357TD,Element Walnut Brown Blackout,Room Darkening,7,38mm/H38357TD.jpg
9,"3/8"" (38 mm) Double Cell RD",H38823TD,Element Storm Gray Blackout,Room Darkening,7,38mm/H38823TD.jpg
9,"3/8"" (38 mm) Double Cell RD",H38822TD,Element Graphite Gray Blackout,Room Darkening,7,38mm/H38822TD.jpg
9,"3/8"" (38 mm) Double Cell RD",H38302TD,Element Mushroom Gray Blackout,Room Darkening,7,38mm/H38302TD.JPG
9,"3/8"" (38 mm) Double Cell RD",H38378TD,Element Coffee Bean Blackout,Room Darkening,7,38mm/H38378TD.JPG
9,"3/8"" (38 mm) Double Cell RD",H38295TD,Element Mocha Brown Blackout,Room Darkening,7,38mm/H38295TD.jpg
9,"3/8"" (38 mm) Double Cell RD",H38047TD,Element Midnight Blue Blackout,Room Darkening,7,38mm/H38047TD.JPG
11,"3/4"" (45 mm) Single Cell Premium Knitted LF",H45503K,Haven Sage Green,Light Filtering,8,45mm/H45503K.JPG
11,"3/4"" (45 mm) Single Cell Premium Knitted LF",H45652K,Haven Ice Blue,Light Filtering,8,45mm/h45652k.JPG
11,"3/4"" (45 mm) Single Cell Premium Knitted LF",H45895K,Haven Graphite Gray,Light Filtering,8,45mm/H45895K.JPG
10,"3/4"" (45 mm) Single Cell LF",H45047,Haven Midnight Navy,Light Filtering,8,45mm/H45047.JPG
10,"3/4"" (45 mm) Single Cell LF",H45100,Haven Snow White,Light Filtering,8,45mm/H45100.JPG
10,"3/4"" (45 mm) Single Cell LF",H45125,Haven Ivory Mist,Light Filtering,8,45mm/H45125.JPG
10,"3/4"" (45 mm) Single Cell LF",H45145,Haven Honey Beige,Light Filtering,8,45mm/H45145.JPG
10,"3/4"" (45 mm) Single Cell LF",H45206,Haven Vanilla Cream,Light Filtering,8,45mm/h45206.jpg
10,"3/4"" (45 mm) Single Cell LF",H45295,Haven Chestnut Brown,Light Filtering,8,45mm/H45295.jpg
10,"3/4"" (45 mm) Single Cell LF",H45302,Haven Warm Taupe,Light Filtering,8,45mm/H45302.JPG
10,"3/4"" (45 mm) Single Cell LF",H45357,Haven Golden Oak,Light Filtering,8,45mm/H45357.jpg
10,"3/4"" (45 mm) Single Cell LF",H45378,Haven Dark Walnut,Light Filtering,8,45mm/H45378.JPG
10,"3/4"" (45 mm) Single Cell LF",H45414,Haven Cream Sand,Light Filtering,8,45mm/H45414.JPG
10,"3/4"" (45 mm) Single Cell LF",H45822,Haven Dark Charcoal,Light Filtering,8,45mm/H45822.JPG
10,"3/4"" (45 mm) Single Cell LF",H45823,Haven Pewter Gray,Light Filtering,8,45mm/H45823.JPG
12,"3/4"" (45 mm) Single Cell RD",H45047D,Haven Navy Blue Blackout,Room Darkening,9,45mm/H45047D.JPG
12,"3/4"" (45 mm) Single Cell RD",H45100D,Haven Bright White Blackout,Room Darkening,9,45mm/H45100D.JPG
12,"3/4"" (45 mm) Single Cell RD",H45125D,Haven Pale Sage Blackout,Room Darkening,9,45mm/H45125D.JPG
12,"3/4"" (45 mm) Single Cell RD",H45145D,Haven Golden Tan Blackout,Room Darkening,9,45mm/H45145D.JPG
12,"3/4"" (45 mm) Single Cell RD",H45206D,Haven Cream Beige Blackout,Room Darkening,9,45mm/H45206D.JPG
12,"3/4"" (45 mm) Single Cell RD",H45295D,Haven Mahogany Blackout,Room Darkening,9,45mm/H45295D.jpg
12,"3/4"" (45 mm) Single Cell RD",H45302D,Haven Mocha Taupe Blackout,Room Darkening,9,45mm/H45302D.JPG
12,"3/4"" (45 mm) Single Cell RD",H45357D,Haven Cinnamon Brown Blackout,Room Darkening,9,45mm/H45357D.jpg
12,"3/4"" (45 mm) Single Cell RD",H45378D,Haven Espresso Brown Blackout,Room Darkening,9,45mm/H45378D.JPG
12,"3/4"" (45 mm) Single Cell RD",H45414D,Haven Golden Wheat Blackout,Room Darkening,9,45mm/H45414D.JPG
12,"3/4"" (45 mm) Single Cell RD",H45822D,Haven Deep Gray Blackout,Room Darkening,9,45mm/H45822D.JPG
12,"3/4"" (45 mm) Single Cell RD",H45823D,Haven Medium Gray Blackout,Room Darkening,9,45mm/H45823D.JPG
14,"3/4"" (45mm) Silver Back LF",H45034S,Haven Silver Mist,Light Filtering,10,45mm/H45034S.JPG
14,"3/4"" (45mm) Silver Back LF",H45100S,Haven Light Silver,Light Filtering,10,45mm/H45100S.JPG
15,"3/4"" (45mm) Printed LF",H45145P,Haven Stone Beige,Light Filtering,10,45mm/H45145P.JPG
15,"3/4"" (45mm) Printed LF",H45206P,Haven Off White,Light Filtering,10,45mm/H45206P.JPG
15,"3/4"" (45mm) Printed LF",H45302P,Haven Taupe Gray,Light Filtering,10,45mm/H45302P.JPG
15,"3/4"" (45mm) Printed LF",H45323P,Haven Mushroom Taupe,Light Filtering,10,45mm/H45323P.JPG
15,"3/4"" (45mm) Printed LF",H45414P,Haven Light Linen,Light Filtering,10,45mm/h45414p.JPG
15,"3/4"" (45mm) Printed LF",H45430P,Haven Camel Tan,Light Filtering,10,45mm/H45430P.JPG
16,"3/4"" (45mm) Waterproof RD",H45047WD,Haven Nebula Waterproof Blackout,Room Darkening,11,45mm/H45047WD.JPG
16,"3/4"" (45mm) Waterproof RD",H45100WD,Haven Cloud Waterproof Blackout,Room Darkening,11,45mm/H45100WD.JPG
16,"3/4"" (45mm) Waterproof RD",H45101WD,Haven Paper Waterproof Blackout,Room Darkening,11,45mm/H45101WD.JPG
16,"3/4"" (45mm) Waterproof RD",H45206WD,Haven Powder Pink Waterproof Blackout,Room Darkening,11,45mm/H45206WD.JPG
16,"3/4"" (45mm) Waterproof RD",H45504WD,Haven Meadow Waterproof Blackout,Room Darkening,11,45mm/H45504WD.JPG
16,"3/4"" (45mm) Waterproof RD",H45823WD,Haven Pewter Waterproof Blackout,Room Darkening,11,45mm/H45823WD.JPG
17,"3/4"" (45mm) Silver Back RD",H45034SD,Haven Slate Gray Blackout,Room Darkening,11,45mm/H45034SD.JPG
17,"3/4"" (45mm) Silver Back RD",H45100SD,Haven Charcoal Gray Blackout,Room Darkening,11,45mm/H45100SD.JPG
18,"3/4"" (45mm) Printed RD",H45145PD,Haven Warm Taupe Blackout,Room Darkening,11,45mm/H45145PD.JPG
18,"3/4"" (45mm) Printed RD",H45206PD,Haven Sand Beige Blackout,Room Darkening,11,45mm/H45206PD.JPG
18,"3/4"" (45mm) Printed RD",H45302PD,Haven Olive Taupe Blackout,Room Darkening,11,45mm/H45302PD.JPG
18,"3/4"" (45mm) Printed RD",H45323PD,Haven Mushroom Taupe Blackout,Room Darkening,11,45mm/H45232PD.JPG
18,"3/4"" (45mm) Printed RD",H45414PD,Haven Wheat Beige Blackout,Room Darkening,11,45mm/H45414PD.JPG
18,"3/4"" (45mm) Printed RD",H45430PD,Haven Caramel Brown Blackout,Room Darkening,11,45mm/H45430PD.JPG
19,"3/4"" (45mm) Metallic Sheer LF",H45034M,Haven Ash Gray,Light Filtering,12,45mm/H45034M.JPG
19,"3/4"" (45mm) Metallic Sheer LF",H45430M,Haven Rustic Wood Brown,Light Filtering,12,45mm/H45430M.JPG
19,"3/4"" (45mm) Metallic Sheer LF",H45895M,Haven Dark Granite,Light Filtering,12,45mm/H45895M.JPG
