PriceGroup,WidthInches,HeightInches,Price
1,24,36,68.88
1,30,36,79.38
1,36,36,90.30
1,42,36,102.48
1,48,36,112.98
1,54,36,126.84
1,60,36,138.18
1,66,36,149.94
1,72,36,162.54
1,84,36,188.16
1,96,36,213.36
1,24,42,73.92
1,30,42,86.10
1,36,42,98.28
1,42,42,112.56
1,48,42,124.32
1,54,42,138.60
1,60,42,153.30
1,66,42,166.32
1,72,42,179.76
1,84,42,208.32
1,96,42,236.04
1,24,48,78.96
1,30,48,92.40
1,36,48,105.84
1,42,48,120.96
1,48,48,133.98
1,54,48,151.20
1,60,48,165.06
1,66,48,180.60
1,72,48,196.14
1,84,48,226.80
1,96,48,257.04
1,24,54,86.10
1,30,54,101.22
1,36,54,116.34
1,42,54,132.30
1,48,54,147.00
1,54,54,165.06
1,60,54,181.02
1,66,54,199.50
1,72,54,215.46
1,84,54,249.06
1,96,54,282.24
1,24,60,93.24
1,30,60,108.36
1,36,60,126.42
1,42,60,143.22
1,48,60,158.76
1,54,60,178.50
1,60,60,196.14
1,66,60,215.04
1,72,60,232.68
1,84,60,269.64
1,96,60,305.34
1,24,66,100.38
1,30,66,116.76
1,36,66,135.24
1,42,66,153.72
1,48,66,171.78
1,54,66,192.36
1,60,66,210.42
1,66,66,231.00
1,72,66,250.32
1,84,66,289.80
1,96,66,330.12
1,24,72,106.26
1,30,72,123.90
1,36,72,144.06
1,42,72,164.64
1,48,72,183.54
1,54,72,205.38
1,60,72,226.38
1,66,72,247.80
1,72,72,268.38
1,84,72,310.80
1,96,72,354.06
1,24,78,111.72
1,30,78,132.30
1,36,78,152.46
1,42,78,173.46
1,48,78,196.14
1,54,78,217.98
1,60,78,241.08
1,66,78,263.76
1,72,78,286.86
1,84,78,331.38
1,96,78,376.32
1,24,84,116.34
1,30,84,137.76
1,36,84,160.44
1,42,84,183.54
1,48,84,206.22
1,54,84,229.32
1,60,84,253.26
1,66,84,277.62
1,72,84,300.72
1,84,84,347.34
1,96,84,396.06
1,24,90,121.80
1,30,90,144.90
1,36,90,168.42
1,42,90,192.36
1,48,90,216.72
1,54,90,242.34
1,60,90,266.70
1,66,90,292.74
1,72,90,319.20
1,84,90,368.76
1,96,90,418.32
1,24,96,127.26
1,30,96,151.62
1,36,96,175.98
1,42,96,200.76
1,48,96,226.80
1,54,96,253.26
1,60,96,280.14
1,66,96,306.60
1,72,96,333.06
1,84,96,385.98
1,96,96,439.32
2,24,36,94.08
2,30,36,107.94
2,36,36,123.06
2,42,36,137.34
2,48,36,151.62
2,54,36,168.42
2,60,36,183.96
2,66,36,199.92
2,72,36,216.72
2,84,36,249.06
2,96,36,283.08
2,24,42,103.74
2,30,42,117.18
2,36,42,134.40
2,42,42,152.04
2,48,42,168.00
2,54,42,188.16
2,60,42,204.54
2,66,42,222.18
2,72,42,240.66
2,84,42,278.88
2,96,42,316.26
2,24,48,111.72
2,30,48,128.52
2,36,48,148.26
2,42,48,168.00
2,48,48,186.06
2,54,48,207.90
2,60,48,227.22
2,66,48,249.48
2,72,48,270.48
2,84,48,312.06
2,96,48,355.32
2,24,54,121.80
2,30,54,139.86
2,36,54,161.28
2,42,54,183.96
2,48,54,204.96
2,54,54,227.64
2,60,54,250.32
2,66,54,274.26
2,72,54,296.52
2,84,54,343.14
2,96,54,391.02
2,24,60,133.98
2,30,60,150.36
2,36,60,174.30
2,42,60,199.08
2,48,60,220.50
2,54,60,246.96
2,60,60,270.06
2,66,60,296.94
2,72,60,321.72
2,84,60,372.96
2,96,60,423.78
2,24,66,141.96
2,30,66,160.44
2,36,66,186.48
2,42,66,212.10
2,48,66,237.30
2,54,66,265.44
2,60,66,290.64
2,66,66,319.20
2,72,66,346.08
2,84,66,400.68
2,96,66,456.12
2,24,72,151.62
2,30,72,173.88
2,36,72,202.86
2,42,72,230.58
2,48,72,257.88
2,54,72,288.12
2,60,72,316.26
2,66,72,347.34
2,72,72,376.32
2,84,72,436.80
2,96,72,498.12
2,24,78,160.02
2,30,78,183.54
2,36,78,214.62
2,42,78,244.86
2,48,78,275.52
2,54,78,306.60
2,60,78,337.68
2,66,78,370.44
2,72,78,401.10
2,84,78,465.36
2,96,78,530.46
2,24,84,167.58
2,30,84,193.20
2,36,84,226.38
2,42,84,259.14
2,48,84,289.38
2,54,84,324.24
2,60,84,356.16
2,66,84,392.28
2,72,84,424.62
2,84,84,494.76
2,96,84,562.38
2,24,90,176.82
2,30,90,206.22
2,36,90,240.66
2,42,90,275.52
2,48,90,309.54
2,54,90,346.08
2,60,90,380.52
2,66,90,418.32
2,72,90,454.86
2,84,90,528.36
2,96,90,601.44
2,24,96,183.54
2,30,96,215.46
2,36,96,252.00
2,42,96,288.96
2,48,96,324.66
2,54,96,363.72
2,60,96,400.26
2,66,96,439.74
2,72,96,478.38
2,84,96,554.82
2,96,96,634.20
3,24,36,91.56
3,30,36,105.00
3,36,36,119.70
3,42,36,133.56
3,48,36,147.42
3,54,36,163.38
3,60,36,178.50
3,66,36,194.04
3,72,36,210.42
3,84,36,241.92
3,96,36,274.68
3,24,42,100.80
3,30,42,113.82
3,36,42,130.62
3,42,42,147.84
3,48,42,162.96
3,54,42,182.70
3,60,42,198.66
3,66,42,215.88
3,72,42,233.52
3,84,42,270.90
3,96,42,307.02
3,24,48,108.78
3,30,48,124.74
3,36,48,144.06
3,42,48,162.96
3,48,48,180.60
3,54,48,202.02
3,60,48,220.50
3,66,48,242.34
3,72,48,262.50
3,84,48,302.82
3,96,48,344.82
3,24,54,118.44
3,30,54,136.08
3,36,54,156.66
3,42,54,178.50
3,48,54,199.08
3,54,54,220.92
3,60,54,243.18
3,66,54,266.28
3,72,54,287.70
3,84,54,333.06
3,96,54,379.68
3,24,60,130.20
3,30,60,146.16
3,36,60,169.26
3,42,60,193.20
3,48,60,214.20
3,54,60,239.82
3,60,60,262.08
3,66,60,288.12
3,72,60,312.48
3,84,60,362.04
3,96,60,411.18
3,24,66,137.76
3,30,66,155.82
3,36,66,181.02
3,42,66,205.80
3,48,66,230.58
3,54,66,257.88
3,60,66,282.24
3,66,66,309.96
3,72,66,336.00
3,84,66,388.92
3,96,66,442.68
3,24,72,147.42
3,30,72,168.84
3,36,72,196.98
3,42,72,223.86
3,48,72,250.32
3,54,72,279.72
3,60,72,307.02
3,66,72,337.26
3,72,72,365.40
3,84,72,423.78
3,96,72,483.42
3,24,78,155.40
3,30,78,178.08
3,36,78,208.32
3,42,78,237.72
3,48,78,267.54
3,54,78,297.78
3,60,78,327.60
3,66,78,359.52
3,72,78,389.34
3,84,78,451.50
3,96,78,514.92
3,24,84,162.96
3,30,84,187.74
3,36,84,219.66
3,42,84,251.58
3,48,84,280.98
3,54,84,314.58
3,60,84,345.66
3,66,84,380.52
3,72,84,412.02
3,84,84,480.06
3,96,84,545.58
3,24,90,171.78
3,30,90,200.34
3,36,90,233.52
3,42,90,267.54
3,48,90,300.30
3,54,90,336.00
3,60,90,369.18
3,66,90,406.14
3,72,90,441.42
3,84,90,512.82
3,96,90,583.80
3,24,96,178.08
3,30,96,209.16
3,36,96,244.44
3,42,96,280.56
3,48,96,315.00
3,54,96,353.22
3,60,96,388.50
3,66,96,426.72
3,72,96,464.10
3,84,96,538.44
3,96,96,615.30
4,24,36,126.42
4,30,36,144.90
4,36,36,165.90
4,42,36,188.16
4,48,36,207.90
4,54,36,231.84
4,60,36,253.68
4,66,36,274.68
4,72,36,298.20
4,84,36,345.66
4,96,36,391.02
4,24,42,136.08
4,30,42,157.50
4,36,42,181.02
4,42,42,207.48
4,48,42,228.48
4,54,42,255.36
4,60,42,280.98
4,66,42,305.34
4,72,42,330.12
4,84,42,382.62
4,96,42,433.86
4,24,48,144.06
4,30,48,169.26
4,36,48,194.88
4,42,48,221.76
4,48,48,245.70
4,54,48,277.20
4,60,48,303.24
4,66,48,331.80
4,72,48,359.52
4,84,48,415.80
4,96,48,471.66
4,24,54,158.76
4,30,54,185.22
4,36,54,214.62
4,42,54,242.34
4,48,54,270.48
4,54,54,302.82
4,60,54,332.64
4,66,54,365.82
4,72,54,395.22
4,84,54,456.54
4,96,54,518.28
4,24,60,170.52
4,30,60,199.50
4,36,60,231.84
4,42,60,262.08
4,48,60,290.64
4,54,60,328.02
4,60,60,359.52
4,66,60,394.80
4,72,60,427.56
4,84,60,494.76
4,96,60,561.12
4,24,66,183.54
4,30,66,214.62
4,36,66,248.22
4,42,66,281.40
4,48,66,315.00
4,54,66,352.80
4,60,66,386.82
4,66,66,424.20
4,72,66,459.90
4,84,66,532.14
4,96,66,605.64
4,24,72,194.88
4,30,72,227.64
4,36,72,265.02
4,42,72,301.98
4,48,72,336.00
4,54,72,377.16
4,60,72,415.80
4,66,72,454.86
4,72,72,492.66
4,84,72,569.52
4,96,72,650.16
4,24,78,204.96
4,30,78,241.50
4,36,78,279.72
4,42,78,318.36
4,48,78,359.52
4,54,78,400.26
4,60,78,443.52
4,66,78,484.68
4,72,78,526.68
4,84,78,608.16
4,96,78,691.32
4,24,84,213.78
4,30,84,252.84
4,36,84,295.26
4,42,84,336.00
4,48,84,378.42
4,54,84,421.26
4,60,84,465.36
4,66,84,509.46
4,72,84,551.46
4,84,84,637.98
4,96,84,727.44
4,24,90,223.86
4,30,90,266.28
4,36,90,310.38
4,42,90,353.22
4,48,90,397.32
4,54,90,445.20
4,60,90,489.72
4,66,90,537.18
4,72,90,585.06
4,84,90,676.20
4,96,90,768.60
4,24,96,233.10
4,30,96,278.04
4,36,96,322.98
4,42,96,369.18
4,48,96,415.80
4,54,96,465.36
4,60,96,514.50
4,66,96,562.80
4,72,96,611.52
4,84,96,708.96
4,96,96,807.66
5,24,36,115.08
5,30,36,132.30
5,36,36,151.20
5,42,36,171.78
5,48,36,189.42
5,54,36,211.68
5,60,36,231.00
5,66,36,250.32
5,72,36,271.74
5,84,36,315.00
5,96,36,356.16
5,24,42,123.90
5,30,42,143.64
5,36,42,165.06
5,42,42,188.58
5,48,42,207.90
5,54,42,232.26
5,60,42,256.62
5,66,42,278.88
5,72,42,301.14
5,84,42,349.02
5,96,42,395.22
5,24,48,131.88
5,30,48,154.56
5,36,48,177.24
5,42,48,202.86
5,48,48,224.28
5,54,48,252.42
5,60,48,276.36
5,66,48,302.40
5,72,48,328.02
5,84,48,379.26
5,96,48,430.50
5,24,54,144.06
5,30,54,168.42
5,36,54,195.30
5,42,54,220.92
5,48,54,246.12
5,54,54,275.94
5,60,54,302.82
5,66,54,333.90
5,72,54,360.36
5,84,54,416.22
5,96,54,471.66
5,24,60,155.82
5,30,60,181.44
5,36,60,211.68
5,42,60,239.40
5,48,60,265.44
5,54,60,299.04
5,60,60,328.02
5,66,60,359.52
5,72,60,390.18
5,84,60,450.24
5,96,60,511.56
5,24,66,167.58
5,30,66,195.72
5,36,66,226.38
5,42,66,257.04
5,48,66,287.28
5,54,66,321.30
5,60,66,352.38
5,66,66,386.82
5,72,66,418.74
5,84,66,485.10
5,96,66,551.88
5,24,72,177.24
5,30,72,207.48
5,36,72,241.08
5,42,72,274.68
5,48,72,306.60
5,54,72,343.14
5,60,72,378.42
5,66,72,414.96
5,72,72,448.98
5,84,72,519.12
5,96,72,592.20
5,24,78,186.90
5,30,78,220.50
5,36,78,255.36
5,42,78,289.80
5,48,78,328.02
5,54,78,364.56
5,60,78,404.04
5,66,78,441.42
5,72,78,479.64
5,84,78,553.98
5,96,78,630.42
5,24,84,194.88
5,30,84,230.58
5,36,84,269.64
5,42,84,306.60
5,48,84,344.82
5,54,84,383.46
5,60,84,423.78
5,66,84,464.10
5,72,84,502.74
5,84,84,581.70
5,96,84,663.60
5,24,90,204.12
5,30,90,242.34
5,36,90,282.66
5,42,90,322.14
5,48,90,362.46
5,54,90,405.72
5,60,90,446.46
5,66,90,489.30
5,72,90,532.98
5,84,90,616.14
5,96,90,701.40
5,24,96,212.10
5,30,96,252.84
5,36,96,294.42
5,42,96,336.42
5,48,96,379.26
5,54,96,423.78
5,60,96,468.72
5,66,96,512.82
5,72,96,557.34
5,84,96,645.54
5,96,96,735.84
6,24,36,80.64
6,30,36,91.98
6,36,36,105.84
6,42,36,119.28
6,48,36,142.38
6,54,36,145.74
6,60,36,159.60
6,66,36,174.72
6,72,36,188.16
6,84,36,216.30
6,96,36,245.70
6,24,42,87.78
6,30,42,101.64
6,36,42,115.92
6,42,42,133.56
6,48,42,145.32
6,54,42,164.22
6,60,42,178.92
6,66,42,196.14
6,72,42,210.84
6,84,42,242.34
6,96,42,275.52
6,24,48,91.56
6,30,48,107.52
6,36,48,123.90
6,42,48,142.38
6,48,48,156.66
6,54,48,174.72
6,60,48,192.36
6,66,48,209.58
6,72,48,228.48
6,84,48,262.08
6,96,48,297.78
6,24,54,100.38
6,30,54,116.34
6,36,54,134.40
6,42,54,153.30
6,48,54,170.94
6,54,54,190.68
6,60,54,209.58
6,66,54,228.90
6,72,54,247.80
6,84,54,284.76
6,96,54,323.82
6,24,60,109.62
6,30,60,126.84
6,36,60,147.00
6,42,60,165.90
6,48,60,185.64
6,54,60,207.90
6,60,60,228.06
6,66,60,250.32
6,72,60,270.90
6,84,60,312.48
6,96,60,354.06
6,24,66,117.60
6,30,66,137.34
6,36,66,158.76
6,42,66,179.76
6,48,66,201.60
6,54,66,225.96
6,60,66,248.22
6,66,66,271.32
6,72,66,294.00
6,84,66,340.20
6,96,66,384.72
6,24,72,124.74
6,30,72,144.48
6,36,72,168.00
6,42,72,191.10
6,48,72,215.04
6,54,72,239.82
6,60,72,263.34
6,66,72,287.70
6,72,72,312.90
6,84,72,360.36
6,96,72,410.34
6,24,78,133.56
6,30,78,157.50
6,36,78,182.70
6,42,78,207.90
6,48,78,234.36
6,54,78,260.40
6,60,78,286.86
6,66,78,313.32
6,72,78,340.62
6,84,78,392.70
6,96,78,446.46
6,24,84,139.44
6,30,84,166.32
6,36,84,192.36
6,42,84,220.50
6,48,84,247.38
6,54,84,275.94
6,60,84,303.24
6,66,84,333.06
6,72,84,360.36
6,84,84,416.22
6,96,84,472.50
6,24,90,146.58
6,30,90,174.72
6,36,90,203.70
6,42,90,231.84
6,48,90,261.66
6,54,90,292.32
6,60,90,321.72
6,66,90,352.80
6,72,90,383.04
6,84,90,442.68
6,96,90,502.74
6,24,96,153.30
6,30,96,183.54
6,36,96,212.10
6,42,96,243.60
6,48,96,275.52
6,54,96,306.60
6,60,96,338.94
6,66,96,370.86
6,72,96,402.36
6,84,96,465.78
6,96,96,530.46
7,24,36,145.32
7,30,36,166.74
7,36,36,190.26
7,42,36,216.72
7,48,36,239.40
7,54,36,267.12
7,60,36,291.90
7,66,36,316.26
7,72,36,343.14
7,84,36,397.32
7,96,36,448.56
7,24,42,157.08
7,30,42,181.02
7,36,42,207.90
7,42,42,238.56
7,48,42,262.92
7,54,42,293.58
7,60,42,323.40
7,66,42,351.54
7,72,42,379.26
7,84,42,439.74
7,96,42,498.96
7,24,48,165.90
7,30,48,194.88
7,36,48,223.86
7,42,48,255.36
7,48,48,282.24
7,54,48,318.78
7,60,48,348.60
7,66,48,381.78
7,72,48,413.70
7,84,48,478.38
7,96,48,542.64
7,24,54,182.70
7,30,54,213.36
7,36,54,246.96
7,42,54,279.30
7,48,54,310.80
7,54,54,348.18
7,60,54,382.62
7,66,54,421.26
7,72,54,454.86
7,84,54,525.42
7,96,54,595.98
7,24,60,196.14
7,30,60,229.32
7,36,60,266.70
7,42,60,301.56
7,48,60,334.32
7,54,60,377.16
7,60,60,413.70
7,66,60,454.02
7,72,60,491.82
7,84,60,568.68
7,96,60,645.54
7,24,66,210.84
7,30,66,246.96
7,36,66,285.18
7,42,66,323.82
7,48,66,362.46
7,54,66,405.72
7,60,66,445.20
7,66,66,487.62
7,72,66,528.78
7,84,66,611.94
7,96,66,696.36
7,24,72,224.28
7,30,72,261.66
7,36,72,304.08
7,42,72,346.92
7,48,72,386.82
7,54,72,433.86
7,60,72,478.38
7,66,72,522.90
7,72,72,566.58
7,84,72,654.78
7,96,72,747.60
7,24,78,235.62
7,30,78,278.46
7,36,78,321.72
7,42,78,365.82
7,48,78,413.70
7,54,78,459.90
7,60,78,509.88
7,66,78,557.34
7,72,78,605.64
7,84,78,698.88
7,96,78,795.06
7,24,84,245.70
7,30,84,290.64
7,36,84,339.78
7,42,84,386.40
7,48,84,435.12
7,54,84,483.84
7,60,84,535.50
7,66,84,585.48
7,72,84,634.20
7,84,84,734.16
7,96,84,837.00
7,24,90,257.04
7,30,90,305.76
7,36,90,356.58
7,42,90,406.56
7,48,90,456.96
7,54,90,511.56
7,60,90,562.80
7,66,90,617.82
7,72,90,672.84
7,84,90,777.84
7,96,90,884.10
7,24,96,268.38
7,30,96,319.20
7,36,96,371.70
7,42,96,424.62
7,48,96,478.38
7,54,96,535.50
7,60,96,590.94
7,66,96,647.22
7,72,96,702.66
7,84,96,815.64
7,96,96,929.04
8,24,36,60.90
8,30,36,70.14
8,36,36,79.80
8,42,36,90.30
8,48,36,99.54
8,54,36,111.72
8,60,36,121.80
8,66,36,132.30
8,72,36,143.64
8,84,36,165.90
8,96,36,187.32
8,24,42,65.10
8,30,42,75.60
8,36,42,86.94
8,42,42,99.12
8,48,42,109.62
8,54,42,122.22
8,60,42,134.82
8,66,42,146.58
8,72,42,158.34
8,84,42,183.54
8,96,42,207.90
8,24,48,69.72
8,30,48,81.48
8,36,48,93.24
8,42,48,106.26
8,48,48,117.60
8,54,48,133.14
8,60,48,144.90
8,66,48,159.18
8,72,48,173.04
8,84,48,199.50
8,96,48,226.38
8,24,54,76.02
8,30,54,89.04
8,36,54,102.90
8,42,54,116.34
8,48,54,129.36
8,54,54,144.90
8,60,54,159.60
8,66,54,175.56
8,72,54,189.84
8,84,54,219.24
8,96,54,248.64
8,24,60,81.90
8,30,60,95.76
8,36,60,111.72
8,42,60,126.00
8,48,60,139.02
8,54,60,157.50
8,60,60,173.04
8,66,60,189.42
8,72,60,204.96
8,84,60,236.88
8,96,60,269.64
8,24,66,87.78
8,30,66,103.32
8,36,66,119.28
8,42,66,135.24
8,48,66,151.20
8,54,66,168.84
8,60,66,185.64
8,66,66,203.70
8,72,66,220.50
8,84,66,255.36
8,96,66,290.22
8,24,72,93.66
8,30,72,109.62
8,36,72,127.26
8,42,72,144.48
8,48,72,161.28
8,54,72,180.60
8,60,72,199.50
8,66,72,217.98
8,72,72,236.46
8,84,72,272.58
8,96,72,311.22
8,24,78,98.28
8,30,78,115.92
8,36,78,134.40
8,42,78,152.46
8,48,78,173.04
8,54,78,191.52
8,60,78,212.10
8,66,78,231.84
8,72,78,252.00
8,84,78,291.48
8,96,78,331.80
8,24,84,102.48
8,30,84,121.38
8,36,84,141.96
8,42,84,160.44
8,48,84,181.02
8,54,84,201.60
8,60,84,223.02
8,66,84,244.44
8,72,84,264.18
8,84,84,305.34
8,96,84,349.02
8,24,90,107.10
8,30,90,127.68
8,36,90,148.68
8,42,90,169.26
8,48,90,190.68
8,54,90,213.78
8,60,90,234.78
8,66,90,257.46
8,72,90,280.56
8,84,90,324.24
8,96,90,368.76
8,24,96,111.72
8,30,96,133.56
8,36,96,154.98
8,42,96,176.82
8,48,96,199.50
8,54,96,223.02
8,60,96,246.96
8,66,96,270.48
8,72,96,293.16
8,84,96,339.78
8,96,96,386.82
9,24,36,86.94
9,30,36,99.54
9,36,36,112.98
9,42,36,126.84
9,48,36,139.02
9,54,36,154.98
9,60,36,169.26
9,66,36,184.38
9,72,36,199.50
9,84,36,229.32
9,96,36,260.82
9,24,42,94.92
9,30,42,107.94
9,36,42,123.48
9,42,42,139.44
9,48,42,154.56
9,54,42,173.46
9,60,42,188.16
9,66,42,204.96
9,72,42,221.76
9,84,42,256.62
9,96,42,290.64
9,24,48,102.48
9,30,48,118.44
9,36,48,136.08
9,42,48,154.56
9,48,48,170.94
9,54,48,191.10
9,60,48,209.16
9,66,48,229.74
9,72,48,248.22
9,84,48,287.70
9,96,48,327.18
9,24,54,112.14
9,30,54,128.52
9,36,54,148.26
9,42,54,169.26
9,48,54,188.16
9,54,54,209.58
9,60,54,230.58
9,66,54,252.00
9,72,54,272.16
9,84,54,315.84
9,96,54,359.10
9,24,60,123.06
9,30,60,138.18
9,36,60,159.60
9,42,60,183.54
9,48,60,203.28
9,54,60,226.80
9,60,60,247.80
9,66,60,273.00
9,72,60,296.52
9,84,60,343.14
9,96,60,390.18
9,24,66,130.20
9,30,66,148.26
9,36,66,171.78
9,42,66,195.72
9,48,66,218.40
9,54,66,244.44
9,60,66,267.54
9,66,66,293.58
9,72,66,318.78
9,84,66,368.76
9,96,66,420.00
9,24,72,138.60
9,30,72,159.60
9,36,72,186.06
9,42,72,212.10
9,48,72,237.30
9,54,72,265.44
9,60,72,290.64
9,66,72,319.62
9,72,72,346.08
9,84,72,401.52
9,96,72,458.64
9,24,78,147.42
9,30,78,168.84
9,36,78,196.98
9,42,78,225.12
9,48,78,252.84
9,54,78,281.82
9,60,78,310.80
9,66,78,341.46
9,72,78,369.18
9,84,78,428.40
9,96,78,487.62
9,24,84,154.14
9,30,84,177.66
9,36,84,207.90
9,42,84,238.56
9,48,84,266.70
9,54,84,298.20
9,60,84,327.60
9,66,84,360.78
9,72,84,391.02
9,84,84,454.86
9,96,84,517.44
9,24,90,162.96
9,30,90,189.84
9,36,90,221.76
9,42,90,252.84
9,48,90,284.76
9,54,90,318.78
9,60,90,350.28
9,66,90,385.14
9,72,90,417.90
9,84,90,486.36
9,96,90,552.72
9,24,96,168.42
9,30,96,198.24
9,36,96,231.42
9,42,96,265.86
9,48,96,298.62
9,54,96,334.32
9,60,96,367.92
9,66,96,404.88
9,72,96,439.74
9,84,96,510.72
9,96,96,582.96
10,24,36,73.92
10,30,36,85.26
10,36,36,97.44
10,42,36,111.30
10,48,36,122.22
10,54,36,136.50
10,60,36,149.52
10,66,36,162.12
10,72,36,175.56
10,84,36,203.28
10,96,36,229.74
10,24,42,80.22
10,30,42,92.82
10,36,42,106.26
10,42,42,121.80
10,48,42,134.82
10,54,42,149.94
10,60,42,165.48
10,66,42,179.76
10,72,42,194.46
10,84,42,225.12
10,96,42,255.36
10,24,48,85.26
10,30,48,99.96
10,36,48,114.24
10,42,48,130.62
10,48,48,144.48
10,54,48,162.96
10,60,48,178.50
10,66,48,195.30
10,72,48,211.68
10,84,48,244.86
10,96,48,278.04
10,24,54,92.82
10,30,54,108.78
10,36,54,126.00
10,42,54,143.22
10,48,54,158.76
10,54,54,178.08
10,60,54,195.72
10,66,54,215.46
10,72,54,231.84
10,84,54,268.38
10,96,54,304.92
10,24,60,100.80
10,30,60,117.18
10,36,60,136.08
10,42,60,154.14
10,48,60,170.94
10,54,60,193.20
10,60,60,211.68
10,66,60,231.84
10,72,60,251.58
10,84,60,290.64
10,96,60,330.54
10,24,66,107.52
10,30,66,126.42
10,36,66,146.16
10,42,66,165.90
10,48,66,185.22
10,54,66,207.48
10,60,66,227.22
10,66,66,249.48
10,72,66,270.90
10,84,66,312.48
10,96,66,356.16
10,24,72,114.66
10,30,72,134.40
10,36,72,155.82
10,42,72,177.24
10,48,72,198.24
10,54,72,221.34
10,60,72,244.86
10,66,72,267.54
10,72,72,289.80
10,84,72,335.16
10,96,72,382.62
10,24,78,123.06
10,30,78,145.32
10,36,78,167.58
10,42,78,190.68
10,48,78,215.88
10,54,78,239.82
10,60,78,265.86
10,66,78,290.64
10,72,78,315.42
10,84,78,364.56
10,96,78,414.96
10,24,84,127.68
10,30,84,152.04
10,36,84,176.82
10,42,84,201.60
10,48,84,226.80
10,54,84,252.42
10,60,84,279.30
10,66,84,305.34
10,72,84,331.38
10,84,84,382.62
10,96,84,436.80
10,24,90,134.40
10,30,90,159.60
10,36,90,186.06
10,42,90,211.68
10,48,90,238.56
10,54,90,267.12
10,60,90,294.00
10,66,90,322.14
10,72,90,351.12
10,84,90,406.14
10,96,90,460.74
10,24,96,139.44
10,30,96,167.16
10,36,96,194.46
10,42,96,221.34
10,48,96,249.48
10,54,96,279.30
10,60,96,308.70
10,66,96,337.68
10,72,96,366.66
10,84,96,425.04
10,96,96,484.68
11,24,36,103.74
11,30,36,118.86
11,36,36,135.24
11,42,36,151.62
11,48,36,167.16
11,54,36,185.64
11,60,36,202.86
11,66,36,220.50
11,72,36,238.56
11,84,36,273.84
11,96,36,311.64
11,24,42,113.40
11,30,42,128.52
11,36,42,147.42
11,42,42,167.16
11,48,42,184.80
11,54,42,206.64
11,60,42,224.70
11,66,42,244.86
11,72,42,265.44
11,84,42,306.60
11,96,42,348.18
11,24,48,122.22
11,30,48,141.96
11,36,48,162.96
11,42,48,184.80
11,48,48,204.96
11,54,48,229.32
11,60,48,250.32
11,66,48,274.26
11,72,48,296.94
11,84,48,343.14
11,96,48,391.02
11,24,54,133.98
11,30,54,154.56
11,36,54,177.24
11,42,54,202.86
11,48,54,225.12
11,54,54,250.32
11,60,54,275.52
11,66,54,301.98
11,72,54,325.92
11,84,54,377.58
11,96,54,429.66
11,24,60,147.00
11,30,60,165.48
11,36,60,191.10
11,42,60,218.82
11,48,60,242.34
11,54,60,271.32
11,60,60,296.52
11,66,60,326.76
11,72,60,354.06
11,84,60,409.50
11,96,60,466.20
11,24,66,155.82
11,30,66,176.82
11,36,66,205.38
11,42,66,233.94
11,48,66,261.24
11,54,66,291.48
11,60,66,319.20
11,66,66,351.12
11,72,66,380.94
11,84,66,440.58
11,96,66,501.90
11,24,72,166.32
11,30,72,191.10
11,36,72,223.02
11,42,72,253.68
11,48,72,283.08
11,54,72,317.10
11,60,72,348.18
11,66,72,382.62
11,72,72,414.12
11,84,72,480.06
11,96,72,548.10
11,24,78,175.98
11,30,78,202.02
11,36,78,235.62
11,42,78,269.22
11,48,78,302.82
11,54,78,337.68
11,60,78,370.86
11,66,78,407.40
11,72,78,440.58
11,84,78,511.98
11,96,78,582.96
11,24,84,184.38
11,30,84,212.10
11,36,84,249.06
11,42,84,285.18
11,48,84,318.78
11,54,84,357.00
11,60,84,391.86
11,66,84,431.34
11,72,84,467.46
11,84,84,543.06
11,96,84,619.08
11,24,90,194.88
11,30,90,226.80
11,36,90,265.44
11,42,90,302.82
11,48,90,340.62
11,54,90,380.94
11,60,90,418.32
11,66,90,460.32
11,72,90,499.80
11,84,90,581.70
11,96,90,661.50
11,24,96,201.60
11,30,96,236.88
11,36,96,277.62
11,42,96,318.36
11,48,96,357.42
11,54,96,399.84
11,60,96,439.74
11,66,96,484.26
11,72,96,526.26
11,84,96,610.68
11,96,96,697.62
12,24,36,107.94
12,30,36,123.90
12,36,36,140.70
12,42,36,157.92
12,48,36,173.88
12,54,36,193.20
12,60,36,211.26
12,66,36,229.32
12,72,36,248.22
12,84,36,285.18
12,96,36,324.24
12,24,42,118.02
12,30,42,133.98
12,36,42,153.72
12,42,42,173.88
12,48,42,192.36
12,54,42,215.04
12,60,42,233.94
12,66,42,254.94
12,72,42,276.36
12,84,42,319.20
12,96,42,362.46
12,24,48,127.26
12,30,48,147.84
12,36,48,169.68
12,42,48,192.36
12,48,48,213.36
12,54,48,238.56
12,60,48,260.40
12,66,48,285.60
12,72,48,309.12
12,84,48,357.00
12,96,48,406.98
12,24,54,139.44
12,30,54,160.86
12,36,54,184.38
12,42,54,211.26
12,48,54,234.36
12,54,54,260.40
12,60,54,286.86
12,66,54,314.16
12,72,54,339.36
12,84,54,392.70
12,96,54,446.88
12,24,60,152.88
12,30,60,172.20
12,36,60,199.08
12,42,60,227.64
12,48,60,252.42
12,54,60,282.24
12,60,60,308.70
12,66,60,340.20
12,72,60,368.34
12,84,60,425.88
12,96,60,485.10
12,24,66,162.12
12,30,66,183.96
12,36,66,213.78
12,42,66,243.60
12,48,66,271.74
12,54,66,303.24
12,60,66,332.22
12,66,66,365.40
12,72,66,396.48
12,84,66,458.22
12,96,66,522.06
12,24,72,173.04
12,30,72,199.08
12,36,72,232.26
12,42,72,264.18
12,48,72,294.42
12,54,72,330.12
12,60,72,362.46
12,66,72,398.16
12,72,72,430.92
12,84,72,499.38
12,96,72,570.36
12,24,78,183.12
12,30,78,210.42
12,36,78,245.28
12,42,78,280.14
12,48,78,315.00
12,54,78,351.54
12,60,78,385.98
12,66,78,423.78
12,72,78,458.22
12,84,78,532.56
12,96,78,606.48
12,24,84,191.94
12,30,84,220.92
12,36,84,259.14
12,42,84,296.94
12,48,84,331.80
12,54,84,371.28
12,60,84,407.82
12,66,84,448.98
12,72,84,486.36
12,84,84,564.90
12,96,84,643.86
12,24,90,202.86
12,30,90,236.04
12,36,90,276.36
12,42,90,315.00
12,48,90,354.48
12,54,90,396.48
12,60,90,435.12
12,66,90,478.80
12,72,90,519.96
12,84,90,605.22
12,96,90,687.96
12,24,96,210.00
12,30,96,246.54
12,36,96,288.96
12,42,96,331.38
12,48,96,372.12
12,54,96,416.22
12,60,96,457.38
12,66,96,504.00
12,72,96,547.68
12,84,96,635.46
12,96,96,725.76
